[
  {
    "Shop Name":"Armani",
    "Category":"Luxury Fashion",
    "CO2":909386.5,
    "Water":36127.49,
    "Electricity":5642.04,
    "Waste":8853.16,
    "ISO Certified":"No",
    "EcoScore":54.07
  },
  {
    "Shop Name":"Skechers",
    "Category":"Footwear",
    "CO2":766216.8,
    "Water":29294.35,
    "Electricity":9295.76,
    "Waste":101494.12,
    "ISO Certified":"Yes",
    "EcoScore":51.6
  },
  {
    "Shop Name":"Lacoste",
    "Category":"Casual & Sportswear",
    "CO2":1322393.6599999999,
    "Water":29025.74,
    "Electricity":516.42,
    "Waste":152904.99,
    "ISO Certified":"No",
    "EcoScore":41.35
  },
  {
    "Shop Name":"Montblanc",
    "Category":"Luxury Accessories",
    "CO2":1271732.49,
    "Water":4339.76,
    "Electricity":1679.39,
    "Waste":132040.37,
    "ISO Certified":"Yes",
    "EcoScore":55.51
  },
  {
    "Shop Name":"Burberry",
    "Category":"Luxury Fashion",
    "CO2":527053.9,
    "Water":28581.24,
    "Electricity":1140.26,
    "Waste":71556.91,
    "ISO Certified":"No",
    "EcoScore":68.59
  },
  {
    "Shop Name":"Stradivarius",
    "Category":"Fast Fashion",
    "CO2":1900947.5,
    "Water":46003.3,
    "Electricity":2328.93,
    "Waste":14005.42,
    "ISO Certified":"No",
    "EcoScore":29.15
  },
  {
    "Shop Name":"Nike",
    "Category":"Footwear & Apparel",
    "CO2":10680000.38,
    "Water":44565.04,
    "Electricity":2822.5,
    "Waste":186762.06,
    "ISO Certified":"Yes",
    "EcoScore":67.47
  },
  {
    "Shop Name":"Columbia",
    "Category":"Outdoor Apparel",
    "CO2":1001759.6800000001,
    "Water":26233.49,
    "Electricity":549.71,
    "Waste":87537.66,
    "ISO Certified":"Yes",
    "EcoScore":61.23
  },
  {
    "Shop Name":"Moncler",
    "Category":"Luxury Winter Apparel",
    "CO2":914071.63,
    "Water":22197.92,
    "Electricity":5488.4,
    "Waste":63145.5,
    "ISO Certified":"Yes",
    "EcoScore":59.11
  },
  {
    "Shop Name":"Versace",
    "Category":"Luxury Fashion",
    "CO2":1202738.8100000001,
    "Water":48387.2,
    "Electricity":6959.32,
    "Waste":47833.47,
    "ISO Certified":"Yes",
    "EcoScore":41.96
  },
  {
    "Shop Name":"H&M",
    "Category":"Fast Fashion",
    "CO2":382617.56,
    "Water":36918.45,
    "Electricity":5191.08,
    "Waste":185257.56,
    "ISO Certified":"No",
    "EcoScore":53.92
  },
  {
    "Shop Name":"Mango",
    "Category":"Fast Fashion",
    "CO2":1220376.1299999999,
    "Water":41132.83,
    "Electricity":8656.65,
    "Waste":23955.59,
    "ISO Certified":"No",
    "EcoScore":38.13
  },
  {
    "Shop Name":"Adidas",
    "Category":"Footwear & Apparel",
    "CO2":1845545.0700000001,
    "Water":34010.0,
    "Electricity":6202.43,
    "Waste":108229.27,
    "ISO Certified":"Yes",
    "EcoScore":25.5
  },
  {
    "Shop Name":"New Balance",
    "Category":"Footwear & Sportswear",
    "CO2":131850.79,
    "Water":3282.49,
    "Electricity":7317.59,
    "Waste":19339.81,
    "ISO Certified":"No",
    "EcoScore":81.88
  },
  {
    "Shop Name":"Crocs",
    "Category":"Casual Footwear",
    "CO2":1096193.3700000001,
    "Water":23773.53,
    "Electricity":3867.84,
    "Waste":181034.01,
    "ISO Certified":"No",
    "EcoScore":41.46
  },
  {
    "Shop Name":"Reebok",
    "Category":"Footwear & Activewear",
    "CO2":1151013.6200000001,
    "Water":9390.58,
    "Electricity":7824.39,
    "Waste":117526.25,
    "ISO Certified":"Yes",
    "EcoScore":48.65
  },
  {
    "Shop Name":"Puma",
    "Category":"Footwear & Sportswear",
    "CO2":1073168.1100000001,
    "Water":48233.46,
    "Electricity":5088.55,
    "Waste":12450.7,
    "ISO Certified":"Yes",
    "EcoScore":51.38
  },
  {
    "Shop Name":"Superdry",
    "Category":"Casual & Sportswear",
    "CO2":163119.8,
    "Water":17914.49,
    "Electricity":7128.7,
    "Waste":118132.75,
    "ISO Certified":"No",
    "EcoScore":68.42
  },
  {
    "Shop Name":"Rolex",
    "Category":"Luxury Watches",
    "CO2":1669335.8100000001,
    "Water":31591.44,
    "Electricity":7758.49,
    "Waste":44061.62,
    "ISO Certified":"Yes",
    "EcoScore":33.89
  },
  {
    "Shop Name":"Converse",
    "Category":"Sneakers",
    "CO2":362264.39,
    "Water":2601.92,
    "Electricity":2976.57,
    "Waste":31167.19,
    "ISO Certified":"No",
    "EcoScore":81.79
  },
  {
    "Shop Name":"Boss",
    "Category":"Formalwear",
    "CO2":1460695.27,
    "Water":38813.08,
    "Electricity":3063.69,
    "Waste":99634.43,
    "ISO Certified":"No",
    "EcoScore":34.94
  },
  {
    "Shop Name":"Bershka",
    "Category":"Fast Fashion",
    "CO2":1779665.1899999999,
    "Water":23658.64,
    "Electricity":1442.29,
    "Waste":176712.23,
    "ISO Certified":"Yes",
    "EcoScore":32.37
  },
  {
    "Shop Name":"Ralph Lauren",
    "Category":"Luxury Apparel",
    "CO2":1290577.8600000001,
    "Water":10748.18,
    "Electricity":7161.25,
    "Waste":36226.72,
    "ISO Certified":"Yes",
    "EcoScore":52.3
  },
  {
    "Shop Name":"Canada Goose",
    "Category":"Winter Apparel",
    "CO2":1616516.27,
    "Water":18131.68,
    "Electricity":9525.3,
    "Waste":121521.04,
    "ISO Certified":"Yes",
    "EcoScore":30.37
  },
  {
    "Shop Name":"Gap",
    "Category":"Casual Apparel",
    "CO2":506481.86,
    "Water":9670.81,
    "Electricity":374.56,
    "Waste":70843.59,
    "ISO Certified":"No",
    "EcoScore":76.46
  },
  {
    "Shop Name":"Levi's",
    "Category":"Denim & Apparel",
    "CO2":1894149.3999999999,
    "Water":39830.82,
    "Electricity":539.1,
    "Waste":155725.65,
    "ISO Certified":"No",
    "EcoScore":22.31
  },
  {
    "Shop Name":"Zara",
    "Category":"Fast Fashion",
    "CO2":362996.46,
    "Water":35037.07,
    "Electricity":719.59,
    "Waste":160565.15,
    "ISO Certified":"Yes",
    "EcoScore":69.16
  },
  {
    "Shop Name":"Patagonia",
    "Category":"Outdoor & Ethical Apparel",
    "CO2":1275992.54,
    "Water":33658.45,
    "Electricity":4761.5,
    "Waste":166884.36,
    "ISO Certified":"No",
    "EcoScore":33.25
  },
  {
    "Shop Name":"Chanel",
    "Category":"Luxury Fashion",
    "CO2":1456113.1599999999,
    "Water":49482.52,
    "Electricity":6617.11,
    "Waste":149896.06,
    "ISO Certified":"No",
    "EcoScore":21.85
  },
  {
    "Shop Name":"Tommy Hilfiger",
    "Category":"Casual & Luxury Apparel",
    "CO2":199386.14,
    "Water":19529.87,
    "Electricity":1055.05,
    "Waste":105315.95,
    "ISO Certified":"No",
    "EcoScore":77.58
  },
  {
    "Shop Name":"Gucci",
    "Category":"Luxury Fashion",
    "CO2":1371576.3799999999,
    "Water":12711.57,
    "Electricity":5046.57,
    "Waste":142050.24,
    "ISO Certified":"Yes",
    "EcoScore":44.01
  },
  {
    "Shop Name":"LVMH",
    "Category":"Luxury Conglomerate",
    "CO2":1081939.1100000001,
    "Water":28907.47,
    "Electricity":1517.16,
    "Waste":183049.81,
    "ISO Certified":"Yes",
    "EcoScore":48.73
  },
  {
    "Shop Name":"Massimo Dutti",
    "Category":"Luxury Apparel",
    "CO2":1548962.0900000001,
    "Water":11425.38,
    "Electricity":9705.24,
    "Waste":140580.92,
    "ISO Certified":"No",
    "EcoScore":27.45
  },
  {
    "Shop Name":"Dr. Martens",
    "Category":"Footwear",
    "CO2":536097.8,
    "Water":24930.49,
    "Electricity":2738.55,
    "Waste":108078.37,
    "ISO Certified":"Yes",
    "EcoScore":68.95
  },
  {
    "Shop Name":"Balenciaga",
    "Category":"Luxury Fashion",
    "CO2":1973963.8300000001,
    "Water":9357.91,
    "Electricity":1137.64,
    "Waste":25329.06,
    "ISO Certified":"No",
    "EcoScore":39.85
  },
  {
    "Shop Name":"Timberland",
    "Category":"Outdoor Footwear",
    "CO2":1956846.8200000001,
    "Water":36993.03,
    "Electricity":2111.67,
    "Waste":6886.76,
    "ISO Certified":"Yes",
    "EcoScore":36.47
  },
  {
    "Shop Name":"Under Armour",
    "Category":"Activewear",
    "CO2":1507897.4299999999,
    "Water":20806.44,
    "Electricity":9732.82,
    "Waste":180930.09,
    "ISO Certified":"No",
    "EcoScore":22.14
  },
  {
    "Shop Name":"North Face",
    "Category":"Outdoor Apparel",
    "CO2":573358.84,
    "Water":31547.23,
    "Electricity":9254.14,
    "Waste":89438.24,
    "ISO Certified":"No",
    "EcoScore":52.12
  },
  {
    "Shop Name":"Vans",
    "Category":"Skatewear & Sneakers",
    "CO2":1102983.52,
    "Water":30101.77,
    "Electricity":2598.51,
    "Waste":104707.45,
    "ISO Certified":"Yes",
    "EcoScore":52.62
  },
  {
    "Shop Name":"Prada",
    "Category":"Luxury Fashion",
    "CO2":1297651.29,
    "Water":41969.78,
    "Electricity":218.83,
    "Waste":20009.54,
    "ISO Certified":"Yes",
    "EcoScore":54.42
  },
  {
    "Shop Name":"Pull & Bear",
    "Category":"Fast Fashion",
    "CO2":294032.18,
    "Water":34826.46,
    "Electricity":1879.14,
    "Waste":99928.35,
    "ISO Certified":"Yes",
    "EcoScore":74.3
  },
  {
    "Shop Name":"Fendi",
    "Category":"Luxury Fashion",
    "CO2":914751.05,
    "Water":7805.85,
    "Electricity":4551.58,
    "Waste":164836.28,
    "ISO Certified":"Yes",
    "EcoScore":56.7
  },
  {
    "Shop Name":"Saint Laurent",
    "Category":"Luxury Fashion",
    "CO2":1131695.8100000001,
    "Water":5256.39,
    "Electricity":3185.46,
    "Waste":22846.42,
    "ISO Certified":"Yes",
    "EcoScore":65.7
  },
  {
    "Shop Name":"Dior",
    "Category":"Luxury Fashion",
    "CO2":261786.61,
    "Water":35317.48,
    "Electricity":8984.82,
    "Waste":135686.34,
    "ISO Certified":"Yes",
    "EcoScore":60.82
  }
]